{"cameraMode":{"drawMode":0,"name":"Shaded","section":"Shading Mode"},"sceneLighting":false,"audioPlay":false,"sceneViewState":{"showFog":true,"showMaterialUpdate":true,"showSkybox":false,"showFlares":true,"showImageEffects":true,"showParticleSystems":true},"in2DMode":false,"pivot":{"x":53.820823669433597,"y":98.00321960449219,"z":-7.145530700683594},"rotation":{"x":-0.0004843830829486251,"y":-0.9922329187393189,"z":0.12450975924730301,"w":-0.015224838629364968},"size":91.37007904052735,"orthographic":false}