{"cameraMode":{"drawMode":0,"name":"Shaded","section":"Shading Mode"},"sceneLighting":true,"audioPlay":false,"sceneViewState":{"showFog":true,"showMaterialUpdate":true,"showSkybox":true,"showFlares":true,"showImageEffects":true,"showParticleSystems":true},"in2DMode":false,"pivot":{"x":53.0131721496582,"y":-1.3615646362304688,"z":53.37476348876953},"rotation":{"x":0.059900254011154178,"y":0.046105679124593738,"z":-0.0028221667744219305,"w":0.9971832036972046},"size":15.049040794372559,"orthographic":false}