{"cameraMode":{"drawMode":0,"name":"Shaded","section":"Shading Mode"},"sceneLighting":false,"audioPlay":false,"sceneViewState":{"showFog":true,"showMaterialUpdate":true,"showSkybox":false,"showFlares":true,"showImageEffects":true,"showParticleSystems":true},"in2DMode":false,"pivot":{"x":0.47861146926879885,"y":0.3692225217819214,"z":-1.0986891984939576},"rotation":{"x":0.12185207009315491,"y":0.6671969294548035,"z":-0.11280860751867295,"w":0.7262700200080872},"size":3.2538254261016847,"orthographic":false}