{"cameraMode":{"drawMode":0,"name":"Shaded","section":"Shading Mode"},"sceneLighting":false,"audioPlay":false,"sceneViewState":{"showFog":true,"showMaterialUpdate":true,"showSkybox":false,"showFlares":true,"showImageEffects":true,"showParticleSystems":true},"in2DMode":false,"pivot":{"x":-0.34175968170166018,"y":0.728800356388092,"z":57.900001525878909},"rotation":{"x":0.3231494426727295,"y":0.3021676242351532,"z":-0.10988900810480118,"w":0.8900952339172363},"size":29.705392837524415,"orthographic":false}